split,test_f1_macro,test_balanced_accuracy,test_precision_parkinsons,test_recall_parkinsons,innercv_best_f1_macro,best_params
0,0.49861565115307505,0.5631944444444444,0.831353919239905,0.5208333333333334,0.5160949249747931,"{'svm__C': 10, 'svm__gamma': 0.01}"
1,0.5234489803106618,0.5794117647058823,0.7929155313351499,0.47549019607843135,0.505275369661675,"{'svm__C': 10, 'svm__gamma': 0.01}"
2,0.493273174733388,0.557623106060606,0.8175,0.4954545454545455,0.5100831789893263,"{'svm__C': 10, 'svm__gamma': 0.01}"
3,0.5167628800298352,0.5657242063492063,0.828693790149893,0.5758928571428571,0.5501007783735782,"{'svm__C': 1, 'svm__gamma': 'scale'}"
4,0.49999922578447387,0.5590538847117794,0.8381374722838137,0.5526315789473685,0.5323085867308462,"{'svm__C': 10, 'svm__gamma': 0.01}"
