split,test_f1_macro,test_balanced_accuracy,test_precision_parkinsons,test_recall_parkinsons,innercv_best_f1_macro,best_params
0,0.4885902566454069,0.5708603896103897,0.8414285714285714,0.4780844155844156,0.5016667469977252,"{'svm__C': 10, 'svm__gamma': 0.01}"
1,0.48950046101159117,0.5722593582887701,0.8025830258302583,0.3877005347593583,0.4936143324966616,"{'svm__C': 1, 'svm__gamma': 'scale'}"
2,0.4937443827529909,0.5645919421487603,0.8241912798874824,0.484297520661157,0.500103517889409,"{'svm__C': 10, 'svm__gamma': 0.01}"
3,0.5062723904304375,0.5604166666666667,0.8270401948842875,0.5511363636363636,0.537605375346634,"{'svm__C': 1, 'svm__gamma': 'scale'}"
4,0.49644419604139767,0.5926463886990203,0.8678977272727273,0.48724082934609253,0.5131647260538832,"{'svm__C': 10, 'svm__gamma': 0.01}"
