split,test_f1_macro,test_balanced_accuracy,test_precision_stroke,test_recall_stroke,innercv_best_f1_macro,best_params
0,0.5982142857142857,0.6388888888888888,0.8,0.4444444444444444,0.4678837299740975,"{'svm__C': 1, 'svm__gamma': 'scale'}"
1,0.6017021276595744,0.6041666666666667,0.46153846153846156,0.5,0.6088751371516349,"{'svm__C': 1, 'svm__gamma': 'scale'}"
2,0.6267232237539766,0.6309523809523809,0.6666666666666666,0.42857142857142855,0.35626130126847483,"{'svm__C': 10, 'svm__gamma': 'scale'}"
3,0.722943722943723,0.7222222222222222,0.875,0.5,0.5683459914826374,"{'svm__C': 1, 'svm__gamma': 'scale'}"
4,0.3076923076923077,0.4444444444444444,0.0,0.0,0.6417131765290488,"{'svm__C': 1, 'svm__gamma': 'scale'}"
